INSERT INTO public.users (first_name, last_name, email, phone_number, hashed_password, is_active, is_superuser, registration_datetime, last_login_datetime, id) VALUES ('John', 'Doe', 'user@example.com', '+380501234567', '$5$rounds=535000$uB0kP8FVgNvhjKHq$Gm0lfEDVeKif3.YI73pTaMniV2IDj.x6ZzEbejW3JG0', true, false, '2024-05-06 12:39:57.934811', NULL, 2);
INSERT INTO public.users (first_name, last_name, email, phone_number, hashed_password, is_active, is_superuser, registration_datetime, last_login_datetime, id) VALUES ('Pasa', 'Zhog', 'zhogolevpv@gmail.com', '+380501234567', '$5$rounds=535000$G9GlbXVWYXn5gGWv$rla3ggaOgXWEYdSVIt1AjvRtfugrUP2nlOLMnZ0LxD7', true, false, '2024-05-04 09:30:59.124577', '2024-05-06 13:55:20.967943', 1);



INSERT INTO public.user_essence (user_id, id) VALUES (1, 1);



INSERT INTO public.checks (check_datetime, check_identifier, check_total_price, check_purchasing_method, check_user_essence, id, check_rest) VALUES ('2024-05-05 10:41:51.39225', 'eee2334b-9fa1-4a24-964d-473429a87ae0', 200.0000, 'cash', 1, 45, 200.0000);
INSERT INTO public.checks (check_datetime, check_identifier, check_total_price, check_purchasing_method, check_user_essence, id, check_rest) VALUES ('2024-05-05 10:42:35.152889', 'd57ab94d-0bb8-45fc-80bc-bf469d06b18f', 500.0000, 'cash', 1, 46, -100.0000);
INSERT INTO public.checks (check_datetime, check_identifier, check_total_price, check_purchasing_method, check_user_essence, id, check_rest) VALUES ('2024-05-05 16:43:42.703532', 'c9e672e9-81df-4fa1-b644-1ef4e6545731', 200.0000, 'cash', 1, 47, 200.0000);
INSERT INTO public.checks (check_datetime, check_identifier, check_total_price, check_purchasing_method, check_user_essence, id, check_rest) VALUES ('2024-05-05 17:14:04.096691', 'ef902309-444f-4584-9a5a-70ce1ef13604', 200.0000, 'cash', 1, 48, 200.0000);
INSERT INTO public.checks (check_datetime, check_identifier, check_total_price, check_purchasing_method, check_user_essence, id, check_rest) VALUES ('2024-05-05 20:53:47.090487', 'bbd2efc2-10f7-4dba-a2a8-0eecdc7bdc15', 200.0000, 'cash', 1, 50, 200.0000);
INSERT INTO public.checks (check_datetime, check_identifier, check_total_price, check_purchasing_method, check_user_essence, id, check_rest) VALUES ('2024-05-06 14:00:37.165553', '8e3dbb29-6a88-4385-b47e-e0fe39b47ef2', 200.00, 'cash', 1, 51, 200.00);
INSERT INTO public.checks (check_datetime, check_identifier, check_total_price, check_purchasing_method, check_user_essence, id, check_rest) VALUES ('2024-05-04 20:11:14.507887', '0ade359b-dc16-437d-a9f3-dd3439a1de40', 200.00, 'cash', 1, 17, 200.00);
INSERT INTO public.checks (check_datetime, check_identifier, check_total_price, check_purchasing_method, check_user_essence, id, check_rest) VALUES ('2024-05-05 09:33:41.111972', 'b1b2a5b8-2d54-4628-8022-b549103f308a', 400.00, 'cash', 1, 29, 0.00);
INSERT INTO public.checks (check_datetime, check_identifier, check_total_price, check_purchasing_method, check_user_essence, id, check_rest) VALUES ('2024-05-05 09:49:46.81485', '73e5944e-83e2-4468-a719-4ec8ebaa7eab', 20.00000000000000111022302463, 'cash', 1, 35, 379.9999999999999988897769754);
INSERT INTO public.checks (check_datetime, check_identifier, check_total_price, check_purchasing_method, check_user_essence, id, check_rest) VALUES ('2024-05-05 10:20:49.482313', '07aecfd4-0dce-4812-acf1-f312cebf36f7', 119.9999999999999955591079015, 'cash', 1, 36, 280.0000000000000044408920985);
INSERT INTO public.checks (check_datetime, check_identifier, check_total_price, check_purchasing_method, check_user_essence, id, check_rest) VALUES ('2024-05-05 10:21:44.636217', 'afa3e6b1-9a80-474c-86f9-e49838593cc1', 120.0000, 'cash', 1, 37, 280.0000);
INSERT INTO public.checks (check_datetime, check_identifier, check_total_price, check_purchasing_method, check_user_essence, id, check_rest) VALUES ('2024-05-05 10:22:23.688249', '66e4838e-efc8-43ef-a54a-6a197bf461de', 120.0000, 'cash', 1, 38, 280.0000);
INSERT INTO public.checks (check_datetime, check_identifier, check_total_price, check_purchasing_method, check_user_essence, id, check_rest) VALUES ('2024-05-05 10:23:25.401735', '20bd8992-0dca-4ff5-92cf-731b939e0e28', 180.0000, 'cash', 1, 39, 220.0000);
INSERT INTO public.checks (check_datetime, check_identifier, check_total_price, check_purchasing_method, check_user_essence, id, check_rest) VALUES ('2024-05-05 10:32:26.133663', 'c99ae922-624d-44ac-bea2-cb3510400c3f', 180.0000, 'cash', 1, 44, 220.0000);



INSERT INTO public.products (product_identifier, product_title, product_description, product_units, product_min_quantity_sell, id) VALUES ('93f16a5d-f079-4403-b19c-f76b94db7913', 'product2', 'Country not he clear style television put growth. Camera week national national but national argue. Also store kitchen clearly.Television else option window.', 'piece', 0.9, 2);
INSERT INTO public.products (product_identifier, product_title, product_description, product_units, product_min_quantity_sell, id) VALUES ('cf25f9ce-c68e-478a-aa06-12e6536861c3', 'product3', 'Organization reach suffer what beat medical. Between book act bill through. Take ten religious really.', 'kilogram', 0.2, 3);
INSERT INTO public.products (product_identifier, product_title, product_description, product_units, product_min_quantity_sell, id) VALUES ('e183d7f3-7e15-4988-b739-73de8f226881', 'product4', 'Each something little dark important. Kid film ten join so sign tonight. End shoulder front job wrong human response.', 'kilogram', 0.9, 4);
INSERT INTO public.products (product_identifier, product_title, product_description, product_units, product_min_quantity_sell, id) VALUES ('86e03105-324b-4e20-a3db-7caa0fe3d3b4', 'product1', 'Two natural million white. Baby trip majority plant action fire explain explain.Indeed his ask return daughter five. Guess drive level fire huge.', 'kilogram', 0.9, 1);



INSERT INTO public.product_price (product_id, price, discount, discount_update, price_update, id) VALUES (2, 54975.98, 1, '2024-05-04 05:35:39.608464', '2024-05-02 01:37:46.483069', 2);
INSERT INTO public.product_price (product_id, price, discount, discount_update, price_update, id) VALUES (3, 78014.20, 6, '2024-05-02 09:42:28.778587', '2024-05-01 18:49:02.144178', 3);
INSERT INTO public.product_price (product_id, price, discount, discount_update, price_update, id) VALUES (4, 55092.70, 6, '2024-05-01 15:35:19.199022', '2024-05-01 05:26:27.972252', 4);
INSERT INTO public.product_price (product_id, price, discount, discount_update, price_update, id) VALUES (1, 100.00, 7, '2024-05-01 06:06:55.636135', '2024-05-01 12:54:49.069772', 1);



INSERT INTO public.stock (product_id, quantity_in_stock, stock_last_update, stock_product_identifier, id) VALUES (2, 9, '2024-05-04 09:17:36.218766', '8e77a135-c333-4754-bf87-41490242233e', 2);
INSERT INTO public.stock (product_id, quantity_in_stock, stock_last_update, stock_product_identifier, id) VALUES (3, 903, '2024-05-01 09:03:50.34683', 'c55aa702-56bb-4a77-b0e6-f748954a033b', 3);
INSERT INTO public.stock (product_id, quantity_in_stock, stock_last_update, stock_product_identifier, id) VALUES (4, 163, '2024-05-01 23:45:51.766907', 'ae938ffd-729e-4356-8437-2362d49696a1', 4);
INSERT INTO public.stock (product_id, quantity_in_stock, stock_last_update, stock_product_identifier, id) VALUES (1, 917.2, '2024-05-06 14:00:37.175649', '17c26db6-8740-4694-8a81-330569bf2f8e', 1);


INSERT INTO public.sold_products (sold_product_title, sold_product_description, sold_discount, sold_price, sold_units, sold_quantity, sold_datetime, sold_total_price, sold_check_id, id, sold_stock_id, sold_product_id) VALUES ('product1', 'Two natural million white. Baby trip majority plant action fire explain explain.Indeed his ask return daughter five. Guess drive level fire huge.', 7, 100.00, 'kilogram', 2, '2024-05-04 20:11:14.516712', 200.00, 17, 5, 1, '86e03105-324b-4e20-a3db-7caa0fe3d3b4');
INSERT INTO public.sold_products (sold_product_title, sold_product_description, sold_discount, sold_price, sold_units, sold_quantity, sold_datetime, sold_total_price, sold_check_id, id, sold_stock_id, sold_product_id) VALUES ('product1', 'Two natural million white. Baby trip majority plant action fire explain explain.Indeed his ask return daughter five. Guess drive level fire huge.', 7, 100.00, 'kilogram', 2, '2024-05-05 16:43:42.712899', 200.0000, 47, 21, 1, '86e03105-324b-4e20-a3db-7caa0fe3d3b4');
INSERT INTO public.sold_products (sold_product_title, sold_product_description, sold_discount, sold_price, sold_units, sold_quantity, sold_datetime, sold_total_price, sold_check_id, id, sold_stock_id, sold_product_id) VALUES ('product1', 'Two natural million white. Baby trip majority plant action fire explain explain.Indeed his ask return daughter five. Guess drive level fire huge.', 7, 100.00, 'kilogram', 2, '2024-05-05 10:41:51.399917', 200.0000, 45, 18, 1, '86e03105-324b-4e20-a3db-7caa0fe3d3b4');
INSERT INTO public.sold_products (sold_product_title, sold_product_description, sold_discount, sold_price, sold_units, sold_quantity, sold_datetime, sold_total_price, sold_check_id, id, sold_stock_id, sold_product_id) VALUES ('product1', 'Two natural million white. Baby trip majority plant action fire explain explain.Indeed his ask return daughter five. Guess drive level fire huge.', 7, 100.00, 'kilogram', 1.2, '2024-05-05 10:20:49.491521', 119.9999999999999955591079015, 36, 9, 1, '86e03105-324b-4e20-a3db-7caa0fe3d3b4');
INSERT INTO public.sold_products (sold_product_title, sold_product_description, sold_discount, sold_price, sold_units, sold_quantity, sold_datetime, sold_total_price, sold_check_id, id, sold_stock_id, sold_product_id) VALUES ('product1', 'Two natural million white. Baby trip majority plant action fire explain explain.
Indeed his ask return daughter five. Guess drive level fire huge.', 7, 100.00, 'kilogram', 0.2, '2024-05-05 09:49:46.822055', 20.00000000000000111022302463, 35, 8, 1, '86e03105-324b-4e20-a3db-7caa0fe3d3b4');
INSERT INTO public.sold_products (sold_product_title, sold_product_description, sold_discount, sold_price, sold_units, sold_quantity, sold_datetime, sold_total_price, sold_check_id, id, sold_stock_id, sold_product_id) VALUES ('product1', 'Two natural million white. Baby trip majority plant action fire explain explain.
Indeed his ask return daughter five. Guess drive level fire huge.', 7, 100.00, 'kilogram', 4, '2024-05-05 09:33:41.118439', 400.00, 29, 7, 1, '86e03105-324b-4e20-a3db-7caa0fe3d3b4');
INSERT INTO public.sold_products (sold_product_title, sold_product_description, sold_discount, sold_price, sold_units, sold_quantity, sold_datetime, sold_total_price, sold_check_id, id, sold_stock_id, sold_product_id) VALUES ('product1', 'Two natural million white. Baby trip majority plant action fire explain explain.
Indeed his ask return daughter five. Guess drive level fire huge.', 7, 100.00, 'kilogram', 3, '2024-05-05 10:42:35.156182', 300.0000, 46, 20, 1, '86e03105-324b-4e20-a3db-7caa0fe3d3b4');
INSERT INTO public.sold_products (sold_product_title, sold_product_description, sold_discount, sold_price, sold_units, sold_quantity, sold_datetime, sold_total_price, sold_check_id, id, sold_stock_id, sold_product_id) VALUES ('product1', 'Two natural million white. Baby trip majority plant action fire explain explain.
Indeed his ask return daughter five. Guess drive level fire huge.', 7, 100.00, 'kilogram', 2, '2024-05-05 10:42:35.156153', 200.0000, 46, 19, 1, '86e03105-324b-4e20-a3db-7caa0fe3d3b4');
INSERT INTO public.sold_products (sold_product_title, sold_product_description, sold_discount, sold_price, sold_units, sold_quantity, sold_datetime, sold_total_price, sold_check_id, id, sold_stock_id, sold_product_id) VALUES ('product1', 'Two natural million white. Baby trip majority plant action fire explain explain.
Indeed his ask return daughter five. Guess drive level fire huge.', 7, 100.00, 'kilogram', 1.8, '2024-05-05 10:32:26.143523', 180.0000, 44, 17, 1, '86e03105-324b-4e20-a3db-7caa0fe3d3b4');
INSERT INTO public.sold_products (sold_product_title, sold_product_description, sold_discount, sold_price, sold_units, sold_quantity, sold_datetime, sold_total_price, sold_check_id, id, sold_stock_id, sold_product_id) VALUES ('product1', 'Two natural million white. Baby trip majority plant action fire explain explain.
Indeed his ask return daughter five. Guess drive level fire huge.', 7, 100.00, 'kilogram', 1.2, '2024-05-05 10:21:44.645645', 120.0000, 37, 10, 1, '86e03105-324b-4e20-a3db-7caa0fe3d3b4');
INSERT INTO public.sold_products (sold_product_title, sold_product_description, sold_discount, sold_price, sold_units, sold_quantity, sold_datetime, sold_total_price, sold_check_id, id, sold_stock_id, sold_product_id) VALUES ('product1', 'Two natural million white. Baby trip majority plant action fire explain explain.
Indeed his ask return daughter five. Guess drive level fire huge.', 7, 100.00, 'kilogram', 1.8, '2024-05-05 10:23:25.405443', 180.0000, 39, 12, 1, '86e03105-324b-4e20-a3db-7caa0fe3d3b4');
INSERT INTO public.sold_products (sold_product_title, sold_product_description, sold_discount, sold_price, sold_units, sold_quantity, sold_datetime, sold_total_price, sold_check_id, id, sold_stock_id, sold_product_id) VALUES ('product1', 'Two natural million white. Baby trip majority plant action fire explain explain.
Indeed his ask return daughter five. Guess drive level fire huge.', 7, 100.00, 'kilogram', 1.2, '2024-05-05 10:22:23.699087', 120.0000, 38, 11, 1, '86e03105-324b-4e20-a3db-7caa0fe3d3b4');
INSERT INTO public.sold_products (sold_product_title, sold_product_description, sold_discount, sold_price, sold_units, sold_quantity, sold_datetime, sold_total_price, sold_check_id, id, sold_stock_id, sold_product_id) VALUES ('product1', 'Two natural million white. Baby trip majority plant action fire explain explain.
Indeed his ask return daughter five. Guess drive level fire huge.', 7, 100.00, 'kilogram', 2, '2024-05-05 17:14:04.104609', 200.0000, 48, 22, 1, '86e03105-324b-4e20-a3db-7caa0fe3d3b4');
INSERT INTO public.sold_products (sold_product_title, sold_product_description, sold_discount, sold_price, sold_units, sold_quantity, sold_datetime, sold_total_price, sold_check_id, id, sold_stock_id, sold_product_id) VALUES ('product1', 'Two natural million white. Baby trip majority plant action fire explain explain.
Indeed his ask return daughter five. Guess drive level fire huge.', 7, 100.00, 'kilogram', 2, '2024-05-05 20:53:47.097601', 200.0000, 50, 23, 1, '86e03105-324b-4e20-a3db-7caa0fe3d3b4');
INSERT INTO public.sold_products (sold_product_title, sold_product_description, sold_discount, sold_price, sold_units, sold_quantity, sold_datetime, sold_total_price, sold_check_id, id, sold_stock_id, sold_product_id) VALUES ('product1', 'Two natural million white. Baby trip majority plant action fire explain explain.
Indeed his ask return daughter five. Guess drive level fire huge.', 7, 100.00, 'kilogram', 2, '2024-05-06 14:00:37.175665', 200.00, 51, 24, 1, '86e03105-324b-4e20-a3db-7caa0fe3d3b4');

